State,City,Location,Station Code,Type,Category of ES,No. of mon. days (n),Min,Max,PM10 Annual average (µg/m3),10 percentile,90 percentile,Standard Deviation,Percentage- exceedence(24 hourly),Air Quality
Andhra Pradesh,Chitoor,GNC Toll Gate Tirumala,582,RIRuO,NA,103,24,52,40,35,45,4,0,Moderate
Andhra Pradesh,Guntur,"Near Hindu College, Market Road",583,RIRuO,NA,105,71,79,75,2,73,77,0,High
Andhra Pradesh,Hydrabad,"Tarnaka, NEERI Lab. IICT Campus",150,RIRuO,NA,88,8,70,26,17,35,10,0,Low
Andhra Pradesh,Hydrabad,"Nacharam, Industrial Estate",151,RIRuO,NA,87,12,100,30,19,42,15,0,Low
Andhra Pradesh,Hydrabad,ABIDS Circle General Post Office,152,RIRuO,NA,88,12,58,27,17,43,10,0,Low
Andhra Pradesh,Hydrabad,Balanagar,95,RIRuO,NA,108,42,286,128,72,189,46,69,Critical
Andhra Pradesh,Hydrabad,"Uppal, Modern Foods & Industries IDA",203,RIRuO,NA,108,30,241,120,58,197,53,59,Critical
Andhra Pradesh,Hydrabad,Jublee Hills,365,RIRuO,NA,109,19,240,85,40,124,38,30,High
Andhra Pradesh,Hydrabad,Paradise,393,RIRuO,NA,107,27,240,98,65,139,33,36,Critical
Andhra Pradesh,Hydrabad,Charminar,394,RIRuO,NA,106,35,233,106,64,150,37,54,Critical
Andhra Pradesh,Hydrabad,Zoo Park,470,RIRuO,NA,108,13,175,75,31,122,35,25,High
Andhra Pradesh,Hydrabad,"Jeedimetla Industrial Estate, Rangareddy Distt.",745,RIRuO,NA,95,33,215,98,57,143,36,43,Critical
Andhra Pradesh,Kakinada,Office Building Ramanayyapeta,578,RIRuO,NA,Null,45,70,58,53,62,4,0,Moderate
Andhra Pradesh,Kothagudem,"CER Club, Khamam",581,RIRuO,NA,90,53,81,63,57,70,6,0,High
Andhra Pradesh,Kurnool,Mourya Inn,466,RIRuO,NA,102,44,100,74,56,88,12,0,High
Andhra Pradesh,Nalgonda,AP PCB Nalgonda,577,RIRuO,NA,108,47,145,79,63,97,16,6,High
Andhra Pradesh,Nellore,"Venkatareddy nagar, Vedayapalem",580,RIRuO,NA,102,45,78,62,54,72,7,0,High
Andhra Pradesh,Patencheru,"Police Station, Medak, Ramachadrapuram",468,RIRuO,NA,108,74,153,108,89,127,16,67,Critical
Andhra Pradesh,Ramagundam,"Godavarikhani, Ramagundam, Karimnagar",465,RIRuO,NA,81,15,200,82,30,128,40,29,High
Andhra Pradesh,Tirupati,"Regional Science Centre, Chittoor Bypass",389,RIRuO,NA,103,25,45,37,33,42,3,0,Moderate
Andhra Pradesh,Vijaywada,Benz Circle,462,RIRuO,NA,115,66,116,95,86,106,9,30,Critical
Andhra Pradesh,Vijaywada,Autonagar,469,RIRuO,NA,106,61,128,99,89,109,10,52,Critical
Andhra Pradesh,Warangal,"KUDA Office, Hanumakonda",579,RIRuO,NA,101,13,141,49,21,72,22,1,Moderate
Andhra Pradesh,Vishakhapatnam,"Panchayat Raj office, Mindi",234,RIRuO,NA,107,11,222,57,24,116,39,12,Moderate
Andhra Pradesh,Vishakhapatnam,"Industrial Estate, Marripalem",233,RIRuO,NA,107,16,164,62,25,111,33,14,High
Andhra Pradesh,Vishakhapatnam,Police Barracks,371,RIRuO,NA,108,19,285,104,50,175,52,39,Critical
Andhra Pradesh,Vishakhapatnam,"INS-Virabahu, Naval Area",387,RIRuO,NA,108,13,170,51,21,90,30,6,Moderate
Andhra Pradesh,Vishakhapatnam,Seethammadhara,388,RIRuO,NA,108,16,147,58,33,90,26,8,Moderate
Andhra Pradesh,Vishakhapatnam,Ganapuram Area,467,RIRuO,NA,108,21,303,96,52,145,41,34,Critical
Andhra Pradesh,Vishakhapatnam,"Pedagantyada, Gajuwada",584,RIRuO,NA,108,15,204,61,27,95,32,9,High
Andhra Pradesh,Vishakhapatnam,"CWMP, RAMKY, Parawada",585,RIRuO,NA,98,7,84,30,14,50,16,0,Low
Assam,Bongaigaon,"Oil India Ltd. PS-6, Chirang",542,RIRuO,NA,103,24,64,46,36,56,8,0,Moderate
Assam,Bongaigaon,Barpara Office Building,520,RIRuO,NA,100,20,68,45,33,59,10,0,Moderate
Assam,Daranga,"BATAD, Baska",566,RIRuO,NA,80,17,207,56,22,89,35,9,Moderate
Assam,Dibrugarh,Dibrugarh Office Building,538,RIRuO,NA,102,12,174,56,21,108,35,14,Moderate
Assam,Golaghat,Golaghat Office Building,539,ES,Numaligarh,93,12,148,55,20,105,34,13,Moderate
Assam,Guwahati,"Head Office, Bamunimaidam",193,RIRuO,NA,260,28,396,106,45,197,61,43,Critical
Assam,Guwahati,"Boragaon, IASST, Kamrup",603,RIRuO,NA,103,16,184,69,26,134,42,24,High
Assam,Guwahati,"Guwahati University, Kamrup",602,RIRuO,NA,124,17,335,84,28,150,54,31,High
Assam,Guwahati,"ITI Building, Gopinath Nagar",519,RIRuO,NA,263,17,347,104,32,193,67,44,Critical
Assam,Guwahati,"Khanapara, Central Dairy, Kamrup",596,RIRuO,NA,246,16,354,94,27,185,65,40,Critical
Assam,Guwahati,"Near Pragjyotish College, Santipur",541,RIRuO,NA,259,17,307,94,32,170,59,38,Critical
Assam,Margherita,Coal India Office,586,RIRuO,NA,96,16,181,54,23,96,35,8,Moderate
Assam,Lakhimpur,"Bazar Patti, North Lakhimpur Town",587,RIRuO,NA,103,12,185,45,72,26,143,23,Moderate
Assam,Nagaon,"Water Resources Div., Christian Patty",595,RIRuO,NA,94,20,229,79,26,156,53,29,High
Assam,Nalbari,PWD Rural Div Office Complex,597,RIRuO,NA,104,22,230,82,31,162,51,32,High
Assam,Sibsagar,Sibasagar Office Building,537,RIRuO,NA,103,37,287,115,59,191,53,53,Critical
Assam,Sibsagar,"Usha Lodge, near ONGCL Colony",604,RIRuO,NA,101,22,300,103,62,45,174,41,Critical
Assam,Silchar,Janiganj Govt. Boys HS School campus,607,RIRuO,NA,94,21,400,99,33,176,79,34,Critical
Assam,Silchar,"RLO, Ithkola Market, Ghaniwala Road",567,RIRuO,NA,91,21,260,82,42,124,44,23,High
Assam,Tezpur,Tezpur Office Building,536,RIRuO,NA,102,47,203,11,69,23,143,25,Low
Assam,Tinsukia,"Digboi Carbon factory Campus, Borguri",594,RIRuO,NA,97,18,172,60,26,118,37,19,Moderate
Assam,Tinsukia,"Shreepuria, Borguri",605,RIRuO,NA,95,18,173,53,23,109,36,15,Moderate
Bihar,Patna,"Beltron Bhawan, Shastri Nagar",210,RIRuO,NA,108,16,362,137,47,225,68,68,Critical
Bihar,Patna,Gandhi Maidan Test Centre,284,RIRuO,NA,83,34,549,196,82,334,106,81,Critical
Chandigarh,Chandigarh,"Modern Foods, Industrial Area",106,RIRuO,NA,93,45,379,133,74,202,57,70,Critical
Chandigarh,Chandigarh,Sector-17 C,263,RIRuO,NA,106,21,339,101,45,165,52,44,Critical
Chandigarh,Chandigarh,"Punjab Engineering College, Sector- 12",264,RIRuO,NA,104,25,258,96,46,151,45,42,Critical
Chandigarh,Chandigarh,"Sector-39, IMTECH",463,RIRuO,NA,102,13,343,103,47,164,52,46,Critical
Chandigarh,Chandigarh,Kaimbwala Village,464,RIRuO,NA,98,28,250,118,49,195,55,58,Critical
Chattisgarh,Bhillai,"Visak Hostel, Sector-4",65,RIRuO,NA,88,61,102,88,81,94,6,2,High
Chattisgarh,Bhillai,"R.O., 5/32 Banglow Office Building",67,RIRuO,NA,90,53,88,68,58,76,7,0,High
Chattisgarh,Bhillai,M.P. Laghu Udyog Nigam,245,RIRuO,NA,92,79,191,153,133,169,23,91,Critical
Chattisgarh,Bilaspur,"Regional Office, CECB Vyapar Vihar",669,RIRuO,NA,71,Null,Null,Null,Null,Null,Null,Null,Null
Chattisgarh,Korba,"HIG 21,22.Near Ghantaghar, MP Extension",364,RIRuO,NA,87,82,90,85,82,87,2,0,Null
Chattisgarh,Korba,"Pragati Nagar NTPC Colony, Jamnipali",249,RIRuO,NA,92,52,85,73,65,79,6,0,High
Chattisgarh,Korba,"I.T.I., Rampur",407,RIRuO,NA,85,64,99,84,77,93,6,0,High
Chattisgarh,Raipur,"New HIG-9, Hirapur",368,RIRuO,NA,16,261,306,280,267,296,14,100,Null
Chattisgarh,Raipur,"M/S Wool Worth India, Sarora",223,RIRuO,NA,62,219,388,317,252,370,45,100,Critical
Chattisgarh,Raipur,"Yatayat Thana, Jai Stambh Chowk",447,RIRuO,NA,19,142,244,208,187,229,22,100,Null
Dadra & Nagar Haveli,Silvassa,"Khadoli Industrial Area, Khadoli",558,RIRuO,NA,75,Null,Null,Null,Null,Null,Null,Null,Null
Daman & Diu,Daman,"Kadaiya Industrial Area, Kadaiya",560,RIRuO,NA,76,Null,Null,Null,Null,Null,Null,Null,Null
Delhi,Delhi,"N.Y. School, Sarojini Nagar, Delhi",144,RIRuO,NA,96,22,735,186,56,349,130,79,Critical
Delhi,Delhi,"Town Hall, Ayurvedic Dispensary, Chandni Chowk, Delhi",146,RIRuO,NA,96,49,589,256,94,437,129,89,Critical
Delhi,Delhi,"Mayapuri Industrial Area, Delhi",345,RIRuO,NA,96,41,843,268,99,452,152,90,Critical
Delhi,Delhi,Pritampura,531,RIRuO,NA,77,62,697,206,98,330,117,90,Critical
Delhi,Delhi,Shahadra,58,RIRuO,NA,78,84,651,253,119,421,121,97,Critical
Delhi,Delhi,Shahzada Bagh,57,RIRuO,NA,77,65,713,243,106,370,118,92,Critical
Delhi,Delhi,Nizamuddin,55,RIRuO,NA,76,70,457,187,105,277,77,91,Critical
Delhi,Delhi,Janakpuri,59,RIRuO,NA,68,65,579,246,126,376,104,96,Critical
Delhi,Delhi,Siri Fort,60,RIRuO,NA,78,77,529,291,169,424,99,99,Critical
Goa,Panaji,"Old GSPCB premises, Patto",327,RIRuO,NA,102,12,196,67,29,123,37,20,High
Goa,Marmagao,"Fire Brigade Station, Port Trust",435,RIRuO,NA,34,55,225,112,62,172,49,41,Null
Goa,Vasco,"Fuse Call Office, Mormugao",37,RIRuO,NA,34,46,165,84,55,131,32,26,Null
Goa,Curchorem,"Curchorem, Sanvordem, Quepem",628,RIRuO,NA,104,32,254,112,52,196,56,39,Critical
Goa,Codli,"Codli Tisk, Ponda",630,RIRuO,NA,105,29,263,121,51,233,75,43,Critical
Goa,Honda,"Honda Junction, Sattari",631,ES,Sahyadri,104,32,319,135,51,244,82,43,Critical
Goa,Bicholim,Bicholim Taluk,632,RIRuO,NA,103,32,330,119,41,268,85,38,Critical
Goa,Amona,"Amona, Bicholim",633,RIRuO,NA,103,23,224,90,49,146,39,30,High
Goa,Assanora,"Assanora Junction, Bardez Taluka",634,RIRuO,NA,105,21,182,84,47,128,33,25,High
Goa,Usgao,"Usgao Plae, Junction, Ponda",629,RIRuO,NA,103,25,316,121,47,224,73,50,Critical
Goa,Margao,Margao Town,774,RIRuO,NA,103,22,153,67,35,98,26,9,High
Goa,Tilamol,"Quepem, Tilamol",778,RIRuO,NA,105,26,217,114,50,194,56,42,Critical
Goa,Mapusa,Mapusa town,775,RIRuO,NA,101,20,323,82,42,124,41,25,High
Goa,Sanguem,"Near Railway Station at Kalem, Sanguem",777,RIRuO,NA,92,28,249,100,48,177,54,35,Critical
Goa,Ponda,Ponda Town,776,RIRuO,NA,103,25,124,60,34,85,21,5,Moderate
Goa,Kundaim,Kundaim Industrial Estate,780,RIRuO,NA,59,27,113,63,40,84,18,3,High
Gujarat,Ahmedabad,"Naroda, G.I.D.C., Ahmadabad",101,RIRuO,NA,34,83,237,114,94,137,27,71,Null
Gujarat,Ahmedabad,Cadilla Bridge Narol,102,RIRuO,NA,44,62,213,88,69,104,24,16,Null
Gujarat,Ahmedabad,L.D. Engg. College,103,RIRuO,NA,44,48,199,67,55,70,21,2,Null
Gujarat,Ahmedabad,"Shardaben Hospital, Saraspur",154,RIRuO,NA,44,57,225,79,65,93,25,2,Null
Gujarat,Ahmedabad,"R.C. Technical High School, Mirzapur",155,RIRuO,NA,44,55,203,71,59,77,22,2,Null
Gujarat,Ahmedabad,"Naroda, G.I.D.C.",347,RIRuO,NA,44,62,209,77,63,88,23,7,Null
Gujarat,Anklesvar,Rallis India Ltd.,252,RIRuO,NA,44,92,263,110,96,117,25,82,Null
Gujarat,Anklesvar,"Durga Traders, Bhavanafarm Society",253,RIRuO,NA,44,75,134,89,81,95,9,5,Null
Gujarat,Jamnagar,Fisheries Office,319,RIRuO,NA,44,90,108,101,95,106,4,59,Null
Gujarat,Rajkot,Nr. Sardhara Industrial Corporation,257,RIRuO,NA,44,97,166,118,103,132,12,98,Null
Gujarat,Rajkot,GPCB Regional Offce,374,RIRuO,NA,44,58,125,79,68,89,11,2,Null
Gujarat,Surat,S.V.R. Engg. College,21,RIRuO,NA,62,58,242,87,70,96,23,5,High
Gujarat,Surat,"B.R.C. High School, Udhna",22,RIRuO,NA,62,82,131,109,96,120,10,82,Critical
Gujarat,Surat,Near Air India Office,23,RIRuO,NA,62,71,123,95,80,106,10,29,Critical
Gujarat,Vadodara,"GPCB Office, Geri Vasahat",50,RIRuO,NA,44,35,239,62,45,72,29,2,Null
Gujarat,Vadodara,Dandia Bazaar,333,RIRuO,NA,34,78,305,104,85,112,37,50,Null
Gujarat,Vadodara,CETP Nandesari,334,RIRuO,NA,34,110,397,141,116,147,51,100,Null
Gujarat,Vapi,"GEB, IIIrd Phase, GIDC",367,RIRuO,NA,44,85,135,103,90,116,11,64,Null
Gujarat,Vapi,"Vapi Nagar Palika, Vapi",221,RIRuO,NA,44,78,128,97,88,112,10,32,Null
Haryana,Faridabad,"M/s Escorts Research centre,Mathura Road",331,RIRuO,NA,83,80,307,197,103,288,67,93,Critical
Haryana,Faridabad,Haryana RO SPCB Sector-16A,330,RIRuO,NA,111,69,317,170,93,222,51,84,Critical
Haryana,Hissar,Urban Estate - II,390,RIRuO,NA,72,50,518,159,92,260,80,81,Critical
Haryana,Hissar,Guru Jambehswar University,414,RIRuO,NA,40,49,83,64,53,73,8,0,Null
Himachal Pradesh,Baddi,Industry Department Office Building,449,RIRuO,NA,117,57,210,108,33,71,156,51,Critical
Himachal Pradesh,Baddi,AHC barotiwala,564,RIRuO,NA,106,38,205,101,32,64,146,43,Critical
Himachal Pradesh,Baddi,Housing Board,563,RIRuO,NA,70,29,227,88,38,52,131,30,High
Himachal Pradesh,Damtal,Regional Office,268,RIRuO,NA,143,17,189,74,38,121,33,20,High
Himachal Pradesh,Damtal,Old Road,271,RIRuO,NA,134,41,315,120,59,191,55,57,Critical
Himachal Pradesh,Kala Amb,Kala Amb Industrial Area,461,RIRuO,NA,103,74,374,219,133,318,67,99,Critical
Himachal Pradesh,Kala Amb,Kala Amb Town/Trilokpur,530,RIRuO,NA,102,29,246,110,54,181,48,51,Critical
Himachal Pradesh,Nalagarh,Municipal Council,565,RIRuO,NA,82,31,210,89,47,120,30,40,High
Himachal Pradesh,Parwanoo,"Regional Office, Sector- 4",132,RIRuO,NA,153,20,199,65,37,100,29,10,High
Himachal Pradesh,Parwanoo,Asst. Commissioner Building Sector I,339,RIRuO,NA,147,34,188,94,57,132,31,40,Critical
Himachal Pradesh,Paonta Sahib,Paonta Sahib,117,RIRuO,NA,140,35,427,133,68,55,222,63,Critical
Himachal Pradesh,Paonta Sahib,Gondhpur Industrial Area,118,RIRuO,NA,127,34,355,174,64,95,262,86,Critical
Himachal Pradesh,Shimla,Tekka Bench Ridge,34,ES,Hill station,125,14,176,51,20,89,27,5,Moderate
Himachal Pradesh,Shimla,"Bus Stand, Winterfield",35,ES,Hill station,121,15,151,64,29,104,30,13,High
Himachal Pradesh,Una,"Regional Office, Una",667,RIRuO,NA,Null,25,170,67,39,95,24,6,High
Himachal Pradesh,Una,"DIC Building, Mehatpur, Una",668,RIRuO,NA,Null,31,136,71,47,94,20,9,High
Himachal Pradesh,Sunder Nagar,"HPSPCB, BBMB Colony, Mandi",665,RIRuO,NA,105,32,328,87,46,123,42,27,High
Himachal Pradesh,Sunder Nagar,"Muncipal Council, NH-21, Mandi",666,RIRuO,NA,23,28,195,102,62,170,42,39,Null
Himachal Pradesh,Manali,"Nehru Park, Manali, District Kullu",670,ES,Hill station,104,7,380,112,29,212,74,46,Critical
Himachal Pradesh,Manali,"HPSPCB, Hadimba Road, Manali, Kullu",671,ES,Hill station,77,7,180,57,15,119,40,15,Moderate
Jammu & Kashmir,Jammu,"Regional Office, Jammu",184,RIRuO,NA,77,18,268,115,57,172,47,58,Critical
Jammu & Kashmir,Jammu,"M.A. Stadium, Jewel Chowk",482,RIRuO,NA,59,52,222,107,62,136,31,63,Critical
Jammu & Kashmir,Jammu,Bari Brahamana Industrial Area,507,RIRuO,NA,66,70,351,136,88,185,45,77,Critical
Jharkhand,Dhanbad,R.O. Dhanbad,44,RIRuO,NA,102,63,247,135,89,178,37,79,Critical
Jharkhand,Dhanbad,"EMTI, Bastacola",612,RIRuO,NA,70,125,258,193,157,229,100,70,Critical
Jharkhand,Dhanbad,"CGM Office, Kusunda",611,RIRuO,NA,84,105,273,206,171,253,32,100,Critical
Jharkhand,Jamshedpur,Bistupur Vehical Testing Centre,351,RIRuO,NA,94,88,206,150,102,176,28,91,Critical
Jharkhand,Jamshedpur,Golmuri Vehicle Testing Centre,382,RIRuO,NA,94,83,232,149,107,176,30,91,Critical
Jharkhand,Jharia,M.A.D.A.,332,RIRuO,NA,97,101,269,212,0,252,37,0,Critical
Jharkhand,Ranchi,"Albert Ekka Chowk, Main Road",402,RIRuO,NA,91,93,388,202,134,275,55,99,Critical
Jharkhand,Saraikela Kharsawan,"RO Building, Adityapur",614,RIRuO,NA,96,94,223,160,117,193,29,100,Critical
Jharkhand,Sindri,BIT / PDIL,46,RIRuO,NA,90,61,273,170,104,230,48,90,Critical
Jharkhand,West Singhbhum,Barajamda U.M. Office,615,RIRuO,NA,86,55,427,153,75,243,79,72,Critical
Karnataka,Bangalore,"Graphite India, White Field Road",77,RIRuO,NA,79,39,341,156,72,246,71,72,Critical
Karnataka,Bangalore,Yeshwanthpura police station,457,RIRuO,NA,96,49,412,111,69,158,52,49,Critical
Karnataka,Bangalore,Peenya Industrial Area,405,RIRuO,NA,89,30,489,104,55,156,67,40,Critical
Karnataka,Bangalore,"KHB Industrial Area, Yelahanka",404,RIRuO,NA,97,38,418,175,84,272,75,84,Critical
Karnataka,Bangalore,"AMCO Batteries, Mysore Road",78,RIRuO,NA,106,13,604,138,49,289,112,51,Critical
Karnataka,Bangalore,"Jnanabharathi, Bangalore University",598,RIRuO,NA,107,18,51,41,38,45,4,0,Moderate
Karnataka,Bangalore,Victoria hospital,406,RIRuO,NA,93,24,362,102,43,198,70,38,Critical
Karnataka,Belgaum,Karnataka SPCB Office Building,460,ES,Sahyadri,92,5,331,72,21,137,53,23,High
Karnataka,Gulburga,Government Hospital,459,RIRuO,NA,68,11,258,65,29,109,44,13,High
Karnataka,Hassan,KSRTC bus stand building,458,RIRuO,NA,106,24,60,36,28,48,8,0,Moderate
Karnataka,Hubli-Dharwad,"Lakkamanahalli Industrial Area, Dharwad",432,RIRuO,NA,94,38,114,73,49,98,18,9,High
Karnataka,Hubli-Dharwad,"Rani Chennamma Circle, Hubli",431,RIRuO,NA,93,39,141,81,54,119,24,22,High
Karnataka,Mandya,"KSPCB Building, Bandigowda Badarahe",676,RIRuO,NA,78,24,77,49,33,70,14,0,Moderate
Karnataka,Mangalore,Baikampady Industrial Area,488,RIRuO,NA,104,12,56,31,21,45,9,0,Moderate
Karnataka,Mysore,"K.R.Circle, Visvesvaraya Bldg",40,RIRuO,NA,93,37,87,55,45,69,9,0,Moderate
Karnataka,Mysore,KSPCB Bldg. Hebbal Ind. Area,328,RIRuO,NA,105,31,99,57,43,73,12,0,Moderate
Karnataka,Devanagere,"Mothi Theatre, Gandhi Circle, P.B. Road",674,RIRuO,NA,107,29,202,101,56,153,39,47,Critical
Karnataka,Devanagere,"HPF Intakewell, Kumarapattnam",675,RIRuO,NA,99,18,154,74,31,108,30,17,High
Karnataka,Devanagere,"Regional Office building, KSPCB",673,RIRuO,NA,83,15,161,49,20,81,28,5,Moderate
Kerala,Alappuzha,"District Office, Alissery Road",618,RIRuO,NA,120,11,88,46,26,66,16,0,Moderate
Kerala,Alappuzha,"DC Mills, Pathirappally",617,RIRuO,NA,120,18,105,54,30,81,19,1,Moderate
Kerala,Kochi,"Eloor I, FACT, Ambalamughal",149,RIRuO,NA,120,18,123,54,23,88,25,6,Moderate
Kerala,Kochi,Eloor II,29,RIRuO,NA,120,16,139,70,25,113,31,15,High
Kerala,Kochi,Irumpanam,30,RIRuO,NA,116,11,589,112,33,211,125,28,Critical
Kerala,Kochi,Ernakulum South,338,RIRuO,NA,119,18,376,70,27,112,46,15,High
Kerala,Kochi,VYTTILA,562,RIRuO,NA,115,10,441,59,26,90,52,7,Moderate
Kerala,Kochi,MG Road Bank Ernakulum,147,RIRuO,NA,118,12,619,64,26,99,65,10,High
Kerala,Kochi,KALAMASSERY / CSIR Complex,346,RIRuO,NA,119,13,167,63,28,111,32,13,High
Kerala,Kollam,"KSPCB, District Office, Kadappakada",621,RIRuO,NA,120,24,119,39,52,52,12,1,Moderate
Kerala,Kollam,KMML Chavara,620,RIRuO,NA,120,20,137,43,29,58,15,1,Moderate
Kerala,Kottayam,Kottayam,187,RIRuO,NA,120,20,128,55,25,89,24,7,Moderate
Kerala,Kottayam,Vadavathoor,361,RIRuO,NA,120,15,144,57,31,96,27,10,Moderate
Kerala,Kozhikode,Kozhikode City,360,RIRuO,NA,120,21,125,57,35,76,19,3,Moderate
Kerala,Kozhikode,Nallalam,359,RIRuO,NA,120,13,114,54,33,75,17,1,Moderate
Kerala,Malapuram,"Kakkanchery, Sijmak oils",623,RIRuO,NA,117,17,74,36,22,54,13,0,Moderate
Kerala,Palakkad,SEPR Refractories India Ltd.,311,RIRuO,NA,113,14,115,37,19,63,20,2,Moderate
Kerala,Pathanamthitta,"KSPCB, Makkamkunnu",619,RIRuO,NA,120,13,30,23,19,26,3,0,Low
Kerala,Thissur,"KSPCB, District Office, Poonkunnam",624,RIRuO,NA,116,31,119,73,20,47,97,6,High
Kerala,Wayanad,Sulthan Bathery,622,RIRuO,NA,119,18,66,33,22,48,10,0,Moderate
Kerala,Thiruvananthapuram,PRS Hospital/COSMO,419,RIRuO,NA,104,45,75,52,48,54,4,0,Moderate
Kerala,Thiruvananthapuram,SMV School,181,RIRuO,NA,106,47,98,54,51,57,5,0,Moderate
Kerala,Thiruvananthapuram,VELI / HiTech Chackai,357,RIRuO,NA,105,51,72,61,56,67,4,0,High
Kerala,Thiruvananthapuram,PETTAH / Sasthamangalam,358,RIRuO,NA,104,44,58,51,48,54,2,0,Moderate
Madhya Pradesh,Bhopal,"Hamidia Road, MP Hastshilp Vikas Nigam",122,RIRuO,NA,73,47,485,214,115,322,88,93,Critical
Madhya Pradesh,Bhopal,C E T P Govindpura,123,RIRuO,NA,74,45,458,178,81,285,83,84,Critical
Madhya Pradesh,Bhopal,"Nutan Subhash School, T.T. Nagar",247,RIRuO,NA,76,28,419,127,75,200,65,62,Critical
Madhya Pradesh,Dewas,EID Perry (I) Limited,525,RIRuO,NA,67,42,115,81,60,103,18,13,High
Madhya Pradesh,Dewas,Dewas Metal Section,524,RIRuO,NA,70,50,145,94,61,115,21,49,Critical
Madhya Pradesh,Dewas,Vikas Nagar,523,RIRuO,NA,55,70,162,100,80,120,19,38,Critical
Madhya Pradesh,Gwalior,Dindayal Nagar,479,RIRuO,NA,19,33,402,312,282,371,76,95,Null
Madhya Pradesh,Gwalior,Maharaj Bada,478,RIRuO,NA,15,302,379,346,321,376,24,100,Null
Madhya Pradesh,Indore,"M.P. Laghu Udyog, Pologround",127,RIRuO,NA,77,42,303,138,67,211,58,68,Critical
Madhya Pradesh,Indore,"Kothari Market, M.G. Road",128,RIRuO,NA,93,33,340,151,63,242,73,76,Critical
Madhya Pradesh,Indore,"Telephone Nagar, 26 A, Kanadia Road",131,RIRuO,NA,92,24,403,139,53,53,72,70,Critical
Madhya Pradesh,Jabalpur,Vijay Nagar,248,RIRuO,NA,88,41,110,75,61,99,15,6,High
Madhya Pradesh,Nagda,Chem. D. Labour Club,82,RIRuO,NA,61,40,149,86,70,108,19,18,High
Madhya Pradesh,Nagda,B C I Labour Club,84,RIRuO,NA,85,35,199,104,65,135,30,63,Critical
Madhya Pradesh,Nagda,Grasim Kalyan Kendra,246,RIRuO,NA,79,45,212,119,63,165,38,72,Critical
Madhya Pradesh,Sagar,Pt.Deendayal Nagar,532,RIRuO,NA,86,35,431,120,57,173,58,77,Critical
Madhya Pradesh,Singrauli,Jayant Township,515,RIRuO,NA,15,57,80,65,60,71,6,0,Null
Madhya Pradesh,Singrauli,"N.T.P.C., Vidyanagar",514,RIRuO,NA,15,58,69,63,61,66,3,0,Null
Madhya Pradesh,Singrauli,Waidhan,516,RIRuO,NA,17,56,72,64,59,69,4,0,Null
Madhya Pradesh,Ujjain,District Office,527,RIRuO,NA,75,51,168,127,107,150,21,92,Critical
Madhya Pradesh,Ujjain,Regional Office,526,RIRuO,NA,35,37,75,60,52,69,8,0,Null
Madhya Pradesh,Ujjain,Mahakal Temple,528,RIRuO,NA,70,32,71,54,42,67,9,0,Moderate
Maharashtra,Dombivali/Ambernath,Dombivali MIDC Phase-II,265,RIRuO,NA,58,68,265,116,82,149,36,60,Critical
Maharashtra,Dombivali/Ambernath,Ambernath Municipal Council Office,445,RIRuO,NA,59,54,234,113,75,171,39,56,Critical
Maharashtra,Amravati,"Apurva Oil Industries, A-23, MIDC",549,RIRuO,NA,98,64,132,102,85,118,13,56,Critical
Maharashtra,Amravati,"Elect. Dept., Govt College Engineering",548,RIRuO,NA,83,52,114,82,61,102,15,13,High
Maharashtra,Amravati,"Rajkamal Square, Vaneeta Samaj",547,RIRuO,NA,91,67,161,117,87,148,25,68,Critical
Maharashtra,Aurangabad,S.B.E.S. College,511,RIRuO,NA,103,42,162,93,61,121,25,39,Critical
Maharashtra,Aurangabad,Collector Ofiice,512,RIRuO,NA,104,31,135,76,47,98,21,8,High
Maharashtra,Aurangabad,"C.A.D.A. Ofiice, Garkheda",513,RIRuO,NA,105,20,129,70,31,98,26,10,High
Maharashtra,Badlapur,BIWA Office,649,RIRuO,NA,98,60,205,124,79,167,33,89,Critical
Maharashtra,Chandrapur,Grampanchat Ghughus,267,RIRuO,NA,90,89,661,207,135,311,92,100,Critical
Maharashtra,Chandrapur,M.I.D.C. Chandrapur,281,RIRuO,NA,102,25,305,116,58,191,54,56,Critical
Maharashtra,Chandrapur,Nagar Parishad,396,RIRuO,NA,100,11,204,71,37,120,35,22,High
Maharashtra,Chandrapur,"Gadchandur Gram Panchayat, Rajura",640,RIRuO,NA,56,19,497,178,56,341,117,66,Critical
Maharashtra,Chandrapur,"MIDC, Tadali",638,RIRuO,NA,88,63,409,145,91,190,58,81,Critical
Maharashtra,Chandrapur,"Muncipal Council, Ballarshah",639,RIRuO,NA,86,24,468,173,53,322,104,78,Critical
Maharashtra,Jalgaon,B. J. Market,644,RIRuO,NA,103,81,155,122,96,147,20,83,Critical
Maharashtra,Jalgaon,Girna water tank,645,RIRuO,NA,102,84,149,122,95,146,19,80,Critical
Maharashtra,Jalgaon,MIDC Jalgaon,646,RIRuO,NA,100,104,169,146,130,163,15,100,Critical
Maharashtra,Kolhapur,"University Campus, Shivaji University",508,ES,Sahyadri,105,42,72,59,48,68,7,0,Moderate
Maharashtra,Kolhapur,"Ruikar Trust, S.T. Stand",509,ES,Sahyadri,103,78,196,145,101,184,29,90,Critical
Maharashtra,Kolhapur,"Mahadwar Road, Near Mahalaxmi Temple",510,ES,Sahyadri,104,66,188,126,95,157,25,86,Critical
Maharashtra,Latur,MIDC Water Works,641,RIRuO,NA,99,20,264,96,30,173,56,40,Critical
Maharashtra,Latur,Kshewraj Vidyalaya Shyam nagar,642,RIRuO,NA,104,25,281,109,43,189,60,47,Critical
Maharashtra,Latur,Sidhheshwar Sahakari Bank Ganjgolai,643,RIRuO,NA,103,24,343,144,78,215,55,78,Critical
Maharashtra,Lote,MIDC Chalkewadi,489,RIRuO,NA,18,13,67,36,20,55,16,0,Null
Maharashtra,Lote,"Pump House, CETP",490,RIRuO,NA,18,19,54,43,29,53,11,0,Null
Maharashtra,Mumbai,"Bank of India, Kalbadevi Branch, Kalbadevi",169,RIRuO,NA,81,35,302,117,59,202,59,49,Critical
Maharashtra,Mumbai,"Parel TT, Ambedkar Road",170,RIRuO,NA,76,35,300,148,47,271,89,51,Critical
Maharashtra,Mumbai,Worli,349,RIRuO,NA,75,27,277,87,31,152,50,36,High
Maharashtra,Nagpur,Institution of Engineers,287,RIRuO,NA,103,37,324,98,53,153,42,40,Critical
Maharashtra,Nagpur,"Govt. Polytechnic College, Sadar",314,RIRuO,NA,103,30,218,88,54,140,37,24,High
Maharashtra,Nagpur,MIDC Office Hingana Road,288,RIRuO,NA,101,43,411,129,67,236,71,59,Critical
Maharashtra,Nagpur,"MIDC Industrial Area, MIDC Office, Hingna",165,RIRuO,NA,97,3,266,132,33,212,68,69,Critical
Maharashtra,Nagpur,"Nagpur Coop Building, Maskasath, Itwari",166,RIRuO,NA,91,3,268,117,31,187,58,66,Critical
Maharashtra,Nagpur,"NEERI Lab, Nehru Marg, Highway No. 7",167,RIRuO,NA,101,3,290,97,30,177,57,46,Critical
Maharashtra,Nagpur,"MPCB Office Premises, Civil Lines",711,RIRuO,NA,194,22,128,57,36,81,18,11,Moderate
Maharashtra,Nashik,R.T.O. Colony Tank,259,RIRuO,NA,104,50,410,97,62,141,44,32,Critical
Maharashtra,Nashik,"VIP Industrial Area, MIDC Satpura",269,RIRuO,NA,103,44,259,97,62,153,39,30,Critical
Maharashtra,Nashik,Nashik Municipal Council Building,280,RIRuO,NA,104,50,231,93,64,147,34,26,Critical
Maharashtra,Nashik,"MPCB Sub R.O. Udyog Bhawan, Nashik",710,RIRuO,NA,311,43,273,94,62,141,36,30,Critical
Maharashtra,Navi Mumbai,"T.B.I.A, Rabale Airoli, TTC",491,RIRuO,NA,103,14,473,90,30,164,70,29,High
Maharashtra,Navi Mumbai,"Dr. D.Y. Patil College, Nerul, TTC",492,RIRuO,NA,105,13,357,105,24,209,82,45,Critical
Maharashtra,Navi Mumbai,"MPCB Lab, Mhape, TTC",493,RIRuO,NA,105,12,700,120,37,189,96,51,Critical
Maharashtra,Navi Mumbai,CIDCO Nodal Office Kharghar,494,RIRuO,NA,103,29,271,119,46,214,62,55,Critical
Maharashtra,Navi Mumbai,"Water Pump House, Panvel, Taloja",495,RIRuO,NA,107,32,771,153,66,252,98,73,Critical
Maharashtra,Navi Mumbai,"MIDC Collom Facility Building, Taloja",496,RIRuO,NA,99,10,396,133,59,212,69,80,Critical
Maharashtra,Pune,"Maratha Chamber of commerce, Bhosari",312,RIRuO,NA,101,15,354,108,34,197,72,48,Critical
Maharashtra,Pune,State Electricity Board BLDG Nalstop,379,RIRuO,NA,101,17,221,90,32,156,46,35,High
Maharashtra,Pune,Swargate Police Chawki,381,RIRuO,NA,103,6,209,81,20,147,52,46,High
Maharashtra,Pune,"Bank of Baroda Builing, Near Pimpri-Chinchwad M.C Builiding",708,RIRuO,NA,308,6,269,89,27,171,58,45,High
Maharashtra,Sangli,"Udyog bhavan / SRO, MPCB Sangli",574,RIRuO,NA,105,23,140,68,34,111,29,18,High
Maharashtra,Sangli,Sangli- Miraj Primary school Building,575,RIRuO,NA,105,21,159,76,34,125,35,26,High
Maharashtra,Sangli,Krishna Valley School,576,RIRuO,NA,104,37,203,96,56,147,36,39,Critical
Maharashtra,Solapur,WIT Campus,299,RIRuO,NA,105,61,137,83,68,105,15,14,High
Maharashtra,Solapur,Voronoko School / Chitale Clinic,300,RIRuO,NA,103,51,132,83,68,103,14,15,High
Maharashtra,Thane,"Maternity Hospital, Dhobighat, Thane East",303,RIRuO,NA,103,44,720,80,47,86,95,8,High
Maharashtra,Thane,"Shahu Market,Naupada, Thane West",304,RIRuO,NA,112,49,418,78,54,92,52,8,High
Maharashtra,Thane,"Kolshet and Balkum, Thane West",305,RIRuO,NA,94,51,86,60,55,63,5,0,Moderate
Maharashtra,Ulhasnagar,Smt. C. H. M. College Campus,647,RIRuO,NA,101,41,202,101,63,156,35,45,Critical
Maharashtra,Ulhasnagar,"Octroi Naka, Pawai-Chowk, Vithalwadi",648,RIRuO,NA,103,47,188,121,80,163,33,71,Critical
Maharashtra,Jalna,"Bachat Bhawan, Near S P Office",706,RIRuO,NA,102,29,296,95,47,144,43,41,Critical
Maharashtra,Jalna,"Krishidhan Seeds Ltd, MIDC Area",707,RIRuO,NA,97,50,257,123,74,183,46,63,Critical
Maharashtra,Akola,"LRT Commerce College, Civil Lines, Akola",700,RIRuO,NA,104,68,141,120,95,136,17,84,Critical
Maharashtra,Akola,"MIDC Water Work, Phash-II, MIDC Akola",701,RIRuO,NA,102,86,166,140,119,161,18,96,Critical
Maharashtra,Akola,"College Of Engineering & Tech, Akola",702,RIRuO,NA,99,91,179,157,133,176,18,98,Critical
Maharashtra,Nanded,Ganesh Nagar,703,RIRuO,NA,104,6,60,30,19,39,11,0,Low
Maharashtra,Nanded,"Mutha Chowk, Vazirabad",704,RIRuO,NA,104,5,80,49,10,64,19,0,Moderate
Maharashtra,Nanded,"Industrial Area, MIDC, CIDCO",705,RIRuO,NA,105,7,118,79,24,106,29,30,High
Meghalaya,Byrnihat,"EPIP, Ri-Bhoi district",568,RIRuO,NA,83,63,251,138,76,176,38,82,Critical
Meghalaya,Dawki,"Terrace building,Jaintia Hills District",588,RIRuO,NA,87,14,84,44,24,73,18,0,Moderate
Meghalaya,Tura,"PHED, Araimille, West Garo Hills District",608,RIRuO,NA,79,34,71,52,45,61,7,0,Moderate
Meghalaya,Shillong,State Tuberculosis Hospital,340,ES,Hill station,87,68,106,88,73,99,10,8,High
Meghalaya,Shillong,"Boards Office Permises, Lumpyngngad",120,ES,Hill station,87,29,73,42,34,54,9,0,Moderate
Mizoram,Aizawl,"Khatla, M.G-Road, Mizoram SPCB",450,ES,Hill station,94,34,91,57,45,70,11,0,Moderate
Mizoram,Aizawl,Laipuitlang,451,ES,Hill station,94,31,66,47,38,57,8,0,Moderate
Mizoram,Aizawl,Bawngkawn,452,ES,Hill station,94,41,82,58,48,69,9,0,Moderate
Mizoram,Aizawl,"Dawrpui Y.M.A, Building, Dawrpui",737,ES,Hill station,92,5,173,77,33,134,40,29,High
Mizoram,Aizawl,"Lengpui Airport, Model Veng, Lengpui",738,ES,Hill station,100,3,213,29,5,60,30,3,Low
Mizoram,Lunglei,"Thangkhuma Building, Salem Veng",735,ES,Hill station,94,16,66,40,31,50,8,0,Moderate
Mizoram,Lunglei,"K.Lalliantluanga, Chanmari I, Lunglei",736,ES,Hill station,83,21,57,43,32,52,8,0,Moderate
Mizoram,Kolasib,"H. Lalthuama Building, Project Veng",733,ES,Hill station,100,6,129,39,12,92,29,5,Moderate
Mizoram,Kolasib,"Synod Bookroom, Building Diakkawn",734,ES,Hill station,98,30,249,75,37,133,41,21,High
Mizoram,Champhai,"D.T.O Office Building, Kahrawt veng",731,ES,Hill station,103,3,109,25,8,48,23,4,Low
Mizoram,Champhai,"Lalzidinga building, Vengthlang",732,ES,Hill station,100,29,433,99,44,184,67,35,Critical
Nagaland,Dimapur,Bank Colony,317,RIRuO,NA,76,15,186,76,27,142,46,36,High
Nagaland,Dimapur,Dhobinala,448,RIRuO,NA,63,27,193,103,44,168,49,48,Critical
Nagaland,Kohima,Opposite NST Office,609,ES,Hill station,83,23,132,64,34,105,27,12,High
Nagaland,Kohima,Opposite War Cemetery,610,ES,Hill station,80,22,164,99,70,126,26,50,Critical
Orissa,Angul,Industrial Estate,70,RIRuO,NA,103,57,187,121,74,156,31,75,Critical
Orissa,Angul,NALCO Township,231,RIRuO,NA,103,36,142,91,62,113,21,35,Critical
Orissa,Balasore,Sahadevkhunta,428,RIRuO,NA,105,44,102,78,59,95,14,2,High
Orissa,Balasore,DIC office,689,RIRuO,NA,77,55,95,77,65,88,9,0,High
Orissa,Balasore,Rasalpur near Balgopalpur I/A,690,RIRuO,NA,24,75,110,90,77,104,11,21,Null
Orissa,Berhampur,Regional Office Orissa SPCB,429,RIRuO,NA,107,38,188,80,50,120,30,23,High
Orissa,Bhubneshwar,Capital Police Station,424,RIRuO,NA,93,23,239,98,32,176,56,41,Critical
Orissa,Bhubneshwar,IRC Village,423,RIRuO,NA,100,16,240,77,24,124,41,24,High
Orissa,Bhubneshwar,SPCB Building,322,RIRuO,NA,91,14,209,76,25,156,53,26,High
Orissa,Bhubneshwar,"Water works, Palasuni, Rasalgarh",687,RIRuO,NA,96,17,226,73,29,142,47,26,High
Orissa,Bhubneshwar,"Patrapara, Khandagiri",686,RIRuO,NA,91,9,209,80,27,144,47,36,High
Orissa,Cuttack,"Roof of Traffic Tower, Badambadi",426,RIRuO,NA,63,38,153,78,45,116,29,33,High
Orissa,Cuttack,"R.O. Cuttack Office, Surya Vihar",425,RIRuO,NA,36,37,87,57,42,73,13,0,Null
Orissa,Rayagada,Regional Office Orissa SPCB,228,RIRuO,NA,104,12,70,49,33,64,12,0,Moderate
Orissa,Rayagada,"LPS High School, Jaykaypur",229,RIRuO,NA,104,14,84,59,26,75,17,0,Moderate
Orissa,Rourkela,"Regional Office, ORPB",370,RIRuO,NA,105,78,126,99,86,113,11,45,Critical
Orissa,Rourkela,"IDL Police Out-post, Sonaparbat",227,RIRuO,NA,105,42,124,97,76,111,16,57,Critical
Orissa,Sambalpur,"Filter Plant, PHD Office, Modipara",427,RIRuO,NA,112,36,71,53,42,64,8,0,Moderate
Orissa,Talcher,Coal Field Area,471,RIRuO,NA,47,61,163,122,100,148,20,89,Null
Orissa,Talcher,T.T.P.S.Colony,68,RIRuO,NA,103,33,186,110,60,144,33,70,Critical
Orissa,Kalinga Nagar,Over the Guest House of M/s NINL,684,RIRuO,NA,8,28,81,52,32,74,18,0,Null
Punjab,Amritsar,R.O. Focal Point,487,RIRuO,NA,22,174,256,194,178,224,22,100,Null
Punjab,Amritsar,"A-1,Platers",486,RIRuO,NA,41,106,465,210,165,247,57,100,Null
Punjab,Dera Bassi,"Punjab Chem and Crop Protection, Bhanakarpur Rd",504,RIRuO,NA,125,75,291,128,84,183,41,68,Critical
Punjab,Dera Bassi,"Winsome Yarns Ltd., Barwala Road",505,RIRuO,NA,107,76,275,130,83,196,45,70,Critical
Punjab,Pathankot/Dera Baba,C-PYTE Building,590,RIRuO,NA,102,47,107,68,60,82,9,1,High
Punjab,Gobindgarh,"Modi Oil and General Mills, Mandi",302,RIRuO,NA,130,67,221,133,89,196,39,80,Critical
Punjab,Gobindgarh,"Raj Steel Rolling Mills, Mandi",301,RIRuO,NA,132,98,362,233,174,319,51,99,Critical
Punjab,Gobindgarh,"United Rolling Mills, Mandi Gobindgarh",483,RIRuO,NA,132,105,432,237,138,321,67,100,Critical
Punjab,Jalandhar,Municipal Council Tubewell No. 27,353,RIRuO,NA,51,116,228,149,123,196,29,100,Critical
Punjab,Jalandhar,Regional Office,176,RIRuO,NA,86,103,170,124,111,136,13,100,Critical
Punjab,Jalandhar,Focal Point,392,RIRuO,NA,54,111,175,148,131,168,15,100,Critical
Punjab,Khanna,"Markfed Vanaspati, Khanna",485,RIRuO,NA,55,100,412,225,118,118,93,98,Critical
Punjab,Khanna,"AS School, Khanna",484,RIRuO,NA,50,80,371,200,135,266,57,98,Critical
Punjab,Ludhiana,Bharat Nagar Chowk,422,RIRuO,NA,107,53,383,192,104,274,68,92,Critical
Punjab,Ludhiana,"Nahar Spining Mlls, Dholewal Chawk",76,RIRuO,NA,109,112,525,252,142,394,92,100,Critical
Punjab,Ludhiana,"Ludhiana Coop. Milk Producer, Ferozpur Rd",61,RIRuO,NA,117,54,764,221,112,346,104,91,Critical
Punjab,Ludhiana,"PPCB Office Building, Vishavkarma Chowk",335,RIRuO,NA,136,92,417,246,162,345,70,99,Critical
Punjab,Naya Nangal,Punjab Alkalis & Chemicals Ltd,420,RIRuO,NA,89,51,195,87,64,113,23,19,High
Punjab,Naya Nangal,"M/s NFL Guest House,Naya Nangal",421,RIRuO,NA,87,45,156,90,60,119,24,34,High
Punjab,Patiala,"Ceylon Industries, Factory Area, Patiala",600,RIRuO,NA,95,49,137,21,92,33,31,67,Low
Punjab,Patiala,"Fire Brigade Station, Bahera Road, Patiala",599,RIRuO,NA,122,54,183,104,76,134,25,48,Critical
Puducherry,Puducherry,"DSTC Office Upstairs, AnnaNagar",64,RIRuO,NA,93,16,149,43,55,28,15,1,Moderate
Puducherry,Puducherry,PIPDIC Ind. Estate Mettupalayam,93,RIRuO,NA,43,37,73,50,56,42,7,0,Null
Puducherry,Puducherry,Chamber Of Commerce,337,RIRuO,NA,89,17,42,32,38,25,5,0,Moderate
Rajasthan,Alwar,Rajasthan State Pollution Control Board,372,ES,Aravali range,100,19,378,147,52,252,79,67,Critical
Rajasthan,Alwar,Gaurav Solvex Ltd. MIA,373,ES,Aravali range,95,18,408,156,46,254,85,72,Critical
Rajasthan,Alwar,"RIICO Pump House, MIA",219,ES,Aravali range,105,23,310,152,53,250,74,73,Critical
Rajasthan,Jaipur,Ajmeri Gate,296,RIRuO,NA,98,13,705,157,67,241,93,78,Critical
Rajasthan,Jaipur,"RJPB Office,Jhalana Doongari",298,RIRuO,NA,101,11,417,124,52,210,76,58,Critical
Rajasthan,Jaipur,"District Education Officer, Chandpole",408,RIRuO,NA,98,14,964,209,84,341,121,84,Critical
Rajasthan,Jaipur,"RIICO Office, M.I.A.",410,RIRuO,NA,98,11,404,128,46,199,64,67,Critical
Rajasthan,Jaipur,"RSPCB, Vidyadhar Nagar",409,RIRuO,NA,95,13,797,268,108,416,129,92,Critical
Rajasthan,Jaipur,VKIA,297,RIRuO,NA,96,13,567,234,72,396,123,84,Critical
Rajasthan,Jodhpur,"DIC Office, Industrial Estate",413,RIRuO,NA,101,27,348,129,67,197,53,67,Critical
Rajasthan,Jodhpur,Sojati Gate,273,RIRuO,NA,100,29,757,234,153,297,87,97,Critical
Rajasthan,Jodhpur,"Basni Industrial Area, RIICO Office",274,RIRuO,NA,96,53,489,224,148,303,79,96,Critical
Rajasthan,Jodhpur,Maha Mandir Police Thane,376,RIRuO,NA,104,51,659,229,135,323,82,97,Critical
Rajasthan,Jodhpur,"Office of Housing Board, Chopasani Road",411,RIRuO,NA,98,17,562,140,66,218,76,69,Critical
Rajasthan,Jodhpur,Shastri Nagar Police Thana,412,RIRuO,NA,102,43,503,179,89,283,83,86,Critical
Rajasthan,Kota,"Regional Office, RJPB, Anantpura",17,RIRuO,NA,105,29,390,175,68,275,79,78,Critical
Rajasthan,Kota,Municipal Corporation Building,326,RIRuO,NA,102,25,429,147,50,245,79,66,Critical
Rajasthan,Kota,Samcore Glass Ltd.,325,RIRuO,NA,104,27,580,147,46,222,79,74,Critical
Rajasthan,Udaipur,Ambamata,320,RIRuO,NA,102,43,315,119,62,178,47,64,Critical
Rajasthan,Udaipur,Town Hall,294,RIRuO,NA,104,56,413,134,86,187,48,75,Critical
Rajasthan,Udaipur,"Regional Office,MIA",321,RIRuO,NA,104,56,544,212,84,339,95,86,Critical
Tamilnadu,Chennai,"Kathivakkam, Municipal Kalyana Mandapam",38,RIRuO,NA,93,37,160,86,55,128,27,27,High
Tamilnadu,Chennai,"Govt. High School, Manali",71,RIRuO,NA,98,31,349,76,49,99,34,10,High
Tamilnadu,Chennai,Thiruvottiyur,72,RIRuO,NA,91,32,151,82,54,107,23,20,High
Tamilnadu,Chennai,Madras Medical College,159,RIRuO,NA,95,3,87,24,5,50,17,0,Low
Tamilnadu,Chennai,"NEERI, CSIR CampusTaramani",160,RIRuO,NA,94,9,82,31,15,48,16,0,Moderate
Tamilnadu,Chennai,Thiruvottiyur Municipal Office,161,RIRuO,NA,95,3,135,45,19,74,22,1,Moderate
Tamilnadu,Coimbatore,"Poniarajapuram, On the top of DEL",375,RIRuO,NA,76,17,144,61,27,106,29,11,High
Tamilnadu,Coimbatore,G.D.Matric Hr.Sec.School,238,RIRuO,NA,97,23,195,68,45,92,27,9,High
Tamilnadu,Coimbatore,"SIDCO Office, Coimbatore/ Kurichi",237,RIRuO,NA,93,36,271,75,51,106,29,16,High
Tamilnadu,Madurai,Highway (Project -I) Building,306,RIRuO,NA,98,18,71,45,12,58,31,0,Moderate
Tamilnadu,Madurai,Fenner (I) Ltd. Kochadai,307,RIRuO,NA,103,31,78,51,36,67,12,0,Moderate
Tamilnadu,Madurai,Kunnathur Chatram Avvai Girls HS School,308,RIRuO,NA,88,26,76,49,38,59,9,0,Moderate
Tamilnadu,Salem,Sowdeswari College Building,309,RIRuO,NA,135,19,158,60,39,88,22,5,Moderate
Tamilnadu,Tuticorin,"Fisheries College, Tuticorin Sipcot",239,RIRuO,NA,100,35,551,124,62,185,68,62,Critical
Tamilnadu,Tuticorin,Raja Agencies,240,RIRuO,NA,99,45,498,167,75,297,95,75,Critical
Tamilnadu,Tuticorin,AVM Jewellery Building,366,RIRuO,NA,94,15,351,110,44,191,61,50,Critical
Tamilnadu,Trichy,Gandhi Market,769,RIRuO,NA,31,64,150,100,83,115,16,52,Null
Tamilnadu,Trichy,Main Guard Gate,770,RIRuO,NA,26,56,101,78,65,93,13,4,Null
Tamilnadu,Trichy,Bishop Heber College,771,RIRuO,NA,33,33,51,40,34,45,5,0,Null
Tamilnadu,Trichy,Golden Rock,772,RIRuO,NA,28,34,60,45,37,53,7,0,Null
Tamilnadu,Trichy,Central Bus Stand,773,RIRuO,NA,30,95,148,114,104,124,11,93,Null
Uttar Pradesh,Agra,"Regional Office, Bodla",323,ES,Taj-trapezium,68,74,497,190,125,282,82,94,Critical
Uttar Pradesh,Agra,Nunhai,324,ES,Taj-trapezium,66,91,585,218,133,293,93,96,Critical
Uttar Pradesh,Agra,Taj Mahal,1,ES,Taj-trapezium,285,11,616,176,27,298,116,74,Critical
Uttar Pradesh,Agra,DIC Nunhai,415,ES,Taj-trapezium,116,35,620,234,66,398,128,81,Critical
Uttar Pradesh,Agra,Etmad-uddaulah,416,ES,Taj-trapezium,126,16,538,182,42,340,121,73,Critical
Uttar Pradesh,Agra,Rambagh,417,ES,Taj-trapezium,124,21,621,174,46,285,106,73,Critical
Uttar Pradesh,Allahabad,Square crossing circle of Laxmi Talkies,554,RIRuO,NA,107,90,814,347,227,475,112,99,Critical
Uttar Pradesh,Allahabad,Bharat Yantra Nigam Ltd,555,RIRuO,NA,99,143,459,287,212,375,69,100,Critical
Uttar Pradesh,Anpara,"Anpara Colony, Sonabhadra",6,RIRuO,NA,93,87,162,132,108,152,18,66,Critical
Uttar Pradesh,Anpara,"Renusagar Colony, Sonabhadra",7,RIRuO,NA,93,89,170,137,112,159,19,65,Critical
Uttar Pradesh,Bareily,IVRI Izatnaga,714,RIRuO,NA,77,136,321,203,159,246,35,100,Critical
Uttar Pradesh,Bareily,"Indian oetrol pump, Civil Line",715,RIRuO,NA,72,194,327,260,229,310,103,100,Critical
Uttar Pradesh,Firozabad,Center for Development of Glass Industry,399,ES,Taj-trapezium,90,63,415,222,96,343,93,87,Critical
Uttar Pradesh,Firozabad,Tilak Nagar,400,ES,Taj-trapezium,96,58,474,208,75,305,91,79,Critical
Uttar Pradesh,Firozabad,Raza ka Tal,401,ES,Taj-trapezium,96,60,371,205,86,307,78,83,Critical
Uttar Pradesh,Gajraula,"Raunaq Auto Ltd, J.P. Nagar",140,RIRuO,NA,99,50,304,153,101,201,41,90,Critical
Uttar Pradesh,Gajraula,"Indira Chowk, J.P. Nagar",139,RIRuO,NA,100,50,374,162,106,228,52,94,Critical
Uttar Pradesh,Ghaziabad,"Atlas Cycles Industries, Sahibabad Ind. area",258,RIRuO,NA,103,80,534,251,129,376,96,99,Critical
Uttar Pradesh,Ghaziabad,Bulandshaar Road Industrial Area,369,RIRuO,NA,99,92,536,244,139,381,94,99,Critical
Uttar Pradesh,Jhansi,Manik Chawk / Jal chauraha,517,RIRuO,NA,110,53,207,123,74,146,30,75,Critical
Uttar Pradesh,Jhansi,Veeranga Nagar,518,RIRuO,NA,110,39,165,96,55,120,26,62,Critical
Uttar Pradesh,Kanpur,"Forest & Training Centre, Kidwai Nagar",212,RIRuO,NA,81,156,334,203,181,225,24,100,Critical
Uttar Pradesh,Kanpur,Chamber Of Commerce Darshanpurwa,98,RIRuO,NA,76,176,274,211,192,234,17,100,Critical
Uttar Pradesh,Kanpur,"Associated Chem Pvt Ltd, Fazalganj, Panki, Site-5",86,RIRuO,NA,79,166,256,214,189,237,18,10,Critical
Uttar Pradesh,Kanpur,Dabauli / Shastri NGR,391,RIRuO,NA,64,149,243,203,182,226,19,100,Critical
Uttar Pradesh,Kanpur,Jajmau / Awas Vikas,395,RIRuO,NA,68,127,296,199,169,226,25,100,Critical
Uttar Pradesh,Kanpur,"I.I.T. Campus, Kanpur",721,RIRuO,NA,101,23,344,139,35,253,85,63,Critical
Uttar Pradesh,Kanpur,"Dada Nagar, Kanpur",722,RIRuO,NA,78,51,547,288,168,447,108,96,Critical
Uttar Pradesh,Kanpur,"Ramadevi, Kanpur",723,RIRuO,NA,94,46,600,260,68,439,138,81,Critical
Uttar Pradesh,Khurja,Central Glass & Ceramic Research Institute,534,RIRuO,NA,84,173,183,178,176,181,2,100,Critical
Uttar Pradesh,Khurja,Ahirpara,535,RIRuO,NA,83,152,165,158,154,162,3,100,Critical
Uttar Pradesh,Lucknow,Mahanagar,377,RIRuO,NA,107,113,398,208,152,265,63,100,Critical
Uttar Pradesh,Lucknow,"Chandganj Garden, Aliganj",398,RIRuO,NA,108,142,396,208,152,266,60,100,Critical
Uttar Pradesh,Lucknow,"Kapoor Hotel, Hazratganj",109,RIRuO,NA,105,32,390,205,148,254,65,99,Critical
Uttar Pradesh,Lucknow,Talkatora,113,RIRuO,NA,105,156,428,218,169,263,56,100,Critical
Uttar Pradesh,Lucknow,Aminabad / S.M.K Chowk,397,RIRuO,NA,108,141,399,215,159,275,61,100,Critical
Uttar Pradesh,Meerut,Begum Bridge,550,RIRuO,NA,64,121,136,129,125,134,3,100,Critical
Uttar Pradesh,Meerut,Thana Railway Road / Kesarganj,551,RIRuO,NA,64,101,139,129,124,135,6,100,Critical
Uttar Pradesh,Moradabad,"Hindu College, Station Road",712,RIRuO,NA,103,73,372,188,117,257,58,93,Critical
Uttar Pradesh,Moradabad,"Central Police Hospital, Civil Lines",713,RIRuO,NA,101,45,307,143,90,215,52,82,Critical
Uttar Pradesh,Noida,"UP PPCB, E-12/1, Sector - 1",403,RIRuO,NA,83,73,287,133,116,147,24,100,Critical
Uttar Pradesh,Noida,Gee-Pee Electroplating and Eng. Work,378,RIRuO,NA,79,69,243,139,124,153,20,97,Critical
Uttar Pradesh,Varanasi,"Regional Office, Jawahar Nagar",362,RIRuO,NA,71,103,154,136,8,126,145,100,Critical
Uttar Pradesh,Varanasi,Sigra,553,RIRuO,NA,76,114,160,140,132,152,8,100,Critical
Uttar Pradesh,Unnao,"H. No. 5, Krishna Nagar, Unnao",726,RIRuO,NA,57,56,126,79,63,102,15,16,High
Uttar Pradesh,Unnao,"IIA Building, Industrial Area, Site 10, Unnao",727,RIRuO,NA,56,83,156,116,95,136,16,86,Critical
Uttar Pradesh,Saharanpur,"SRE-A, IIT Roorkee, Saharanpur Campus",716,RIRuO,NA,102,110,715,165,136,169,71,100,Critical
Uttar Pradesh,Saharanpur,"UPCL S.E. Office, Near Clock Tower",717,RIRuO,NA,102,117,723,207,145,249,79,100,Critical
Uttar Pradesh,Raebareli,"Town Hall Colony, Ahmad Nagar, Gulab Road",718,RIRuO,NA,67,76,188,150,90,181,32,87,Critical
Uttar Pradesh,Raebareli,Khoya mandi Tiraha Lucknow Road Raebareli,719,RIRuO,NA,67,84,201,166,101,197,34,93,Critical
Uttar Pradesh,Raebareli,Amawan Road Ind. Area Raebareli,720,RIRuO,NA,67,90,202,173,117,199,33,97,Critical
Uttar Pradesh,Mathura,"RO. UPPCB, 65 Baldevpuri, Maholi Road",724,RIRuO,NA,19,157,266,196,165,235,33,100,Null
Uttar Pradesh,Mathura,"CETP, Industrial Area, Mathura",725,RIRuO,NA,15,176,258,220,179,254,33,100,Null
Uttar Pradesh,Gorakpur,"M. M.M. Engineering College, Gorakhpur",728,RIRuO,NA,73,40,106,88,60,103,18,36,High
Uttar Pradesh,Gorakpur,"India Glycol Ltd. Gida, Gorakhpur",729,RIRuO,NA,88,71,189,147,126,178,27,91,Critical
Uttar Pradesh,Gorakpur,"Jalkal, Muncipal Corporation, Golghar",730,RIRuO,NA,88,84,177,134,104,162,25,91,Critical
Uttarakhand,Dehradun,"Raipur Road, Near parag Diary",90,ES,Doon valley,55,69,804,180,123,228,96,95,Critical
Uttarakhand,Dehradun,"Clock Tower, PWD Guest House",89,ES,Doon valley,61,72,912,186,104,249,108,90,Critical
Uttarakhand,Dehradun,Himalaya Drug Co. Near ISBT,637,ES,Doon valley,52,75,804,197,122,243,110,94,Critical
Uttarakhand,Haldwani,Govt. Women Hospital,625,RIRuO,NA,Null,20,319,137,74,223,58,73,Critical
Uttarakhand,Haridwar,"SIDCUL, Haridwar",635,RIRuO,NA,37,85,259,149,100,212,46,90,Null
Uttarakhand,Kashipur,"BSNL Office, Kashipur",627,RIRuO,NA,Null,25,622,180,71,309,105,77,Critical
Uttarakhand,Rishikesh,Nagar Palika Parishad,636,ES,Hill station,75,84,144,109,92,131,15,64,Critical
Uttarakhand,Rudrapur,SIDCUL Office,626,RIRuO,NA,Null,35,409,158,65,249,72,76,Critical
West Bengal,Asansol,Asansol Municipal Corporation,386,RIRuO,NA,24,39,195,117,55,168,43,63,Null
West Bengal,Asansol,"Kangsabati Spinning Mill, Barjora",593,RIRuO,NA,26,45,204,105,54,154,42,58,Null
West Bengal,Barrackpore,Barrackpore Municiaplity,655,RIRuO,NA,25,40,226,130,62,195,51,76,Null
West Bengal,Durgapur,"Bidhannagar, PCBL Club, Muchipara",385,RIRuO,NA,25,48,188,108,53,150,37,60,Null
West Bengal,Haldia,WBIIDC Ruchi Soya Ind. Durgachak,14,RIRuO,NA,26,67,745,238,86,666,391,85,Null
West Bengal,Howrah,"CDS & Health Centre, Bator",11,RIRuO,NA,26,72,375,186,83,323,92,77,Null
West Bengal,Kolkata,"Salt Lake, Rooftop of CK Market",474,RIRuO,NA,69,21,268,87,41,187,59,25,High
West Bengal,Kolkata,"Moulali, Rooftop of KMC office Building",473,RIRuO,NA,28,56,348,165,67,280,87,71,Null
West Bengal,Kolkata,"Minto Park, Inside Park AJC Bose Road",475,RIRuO,NA,61,25,233,91,37,190,55,30,Critical
West Bengal,Kolkata,"Dunlop Bridge, National Sample Survey",472,RIRuO,NA,80,25,350,138,37,304,99,50,Critical
West Bengal,Kolkata,"Behala Chowrasta, Traffic Guard Building",476,RIRuO,NA,28,51,344,160,65,269,85,71,Null
West Bengal,Kolkata,"Baishnabghata, Upanagari Sporting Club",477,RIRuO,NA,28,39,270,121,43,213,69,43,Null
West Bengal,Kolkata,"Cossipore Police Station, B.T. Road",162,RIRuO,NA,97,17,421,159,48,300,103,61,Critical
West Bengal,Kolkata,"Dalhousie Square, Lal Bazzar Police Headqtr.",163,RIRuO,NA,59,3,611,145,37,278,112,58,Critical
West Bengal,Kolkata,Kasba,348,RIRuO,NA,36,26,332,153,58,238,75,72,Null
West Bengal,Raniganj,Jamuria Municipality,661,RIRuO,NA,24,41,228,126,53,187,50,71,Null
West Bengal,South Suburban,"Bauipur Police Station, Baruipur",650,RIRuO,NA,28,40,276,126,46,224,67,57,Null
West Bengal,South Suburban,"P Roy Industrial Training Institute, Amtala",651,RIRuO,NA,29,41,215,112,51,189,55,52,Null
